revwNum,kbcSiteCode,revwKindCode,revwPatrCode,mmbrNum,mmbrId,cretDttm,revwCntt,revwEmtnKywrPatrCode,revwEmtnKywrCode,revwEmtnKywrName,revwRvgr,splrInclYsno,hdngYsno,cttsHdngRsnCode,hdngRsn,attndChekTrgtYsno,ordrId,rewardEvcAmnt,rewardEvcIsncYsno,rewardEvcIsncDate,mgrRewardEvcIsncYsno,mgrRewardEvcIsncRsn,evntId,dltYsno,saleCmdtid,saleCmdtDvsnCode,cmdtName,cmdtcode,saleLmttAge,recdcode,saleCmdtGrpDvsnCode,imgUrl,crtrId,amnrId,reviewAtacList,reviewAtacCount,atacFileNum,reviewRecommendCount,reviewCommentCount,reviewDeclarationCount,reviewRecommendUserYsno,declaration5timesYsno,declarationUserYsno,blockUserYsno,firstRevwNum,oneMonthRevwNum,chrcList,fndgPrjtSrmb,turnSrmb
2400121,001,001,002,62018267237,ji********,2021-02-11 16:53:10.306,딥러닝 아무것도 모르는데 이거 읽고 깨우쳤음.,002,001,집중돼요,4,N,N,None,None,N,None,0,None,None,None,None,0,N,S000001057805,KOR,밑바닥부터 시작하는 딥러닝,9788968484636,0,None,None,None,62*********,50*********,[],0,0,2,0,0,N,N,N,N,,None,[],0,None
15291814,001,001,002,62020250042,ql****,2025-01-24 22:59:13.290737,딥러닝에 대한 기본을 배울 수 있는 좋은 책이라고 생각합니다,002,002,도움돼요,4,N,N,None,None,N,None,0,None,None,None,None,None,N,S000001057805,KOR,밑바닥부터 시작하는 딥러닝,9788968484636,0,None,None,None,AP****************,AP****************,[],0,0,0,0,0,N,N,N,N,,None,[],0,None
15261466,001,001,002,62009130793,ma*****,2025-01-17 01:25:16.218177,자세하게 알려줘서 이해하기 쉬워요,002,004,최고예요,4,N,N,None,None,N,None,0,None,None,None,None,None,N,S000001057805,KOR,밑바닥부터 시작하는 딥러닝,9788968484636,0,None,None,None,AP****************,AP****************,[],0,0,0,0,0,N,N,N,N,,None,[],0,None
14976673,001,001,002,52017039668,rb******,2024-11-03 09:15:45.987704,잘볼게요 감사합니다,002,002,도움돼요,4,N,N,None,None,N,None,0,None,None,None,None,None,N,S000001057805,KOR,밑바닥부터 시작하는 딥러닝,9788968484636,0,None,None,None,AP****************,AP****************,[],0,0,0,0,0,N,N,N,N,,None,[],0,None
14375360,001,001,002,62005299929,js*****,2024-08-12 14:12:38.291326,시리즈물로 되어있어서 좋아요,002,004,최고예요,4,N,N,None,None,N,None,0,None,None,None,None,None,N,S000001057805,KOR,밑바닥부터 시작하는 딥러닝,9788968484636,0,None,None,None,AP****************,AP****************,[],0,0,0,0,0,N,N,N,N,,None,[],0,None
14323243,001,001,002,62017054292,sw********,2024-08-04 13:17:53.344136,딥러닝 혼공에 도움됩니다,002,005,추천해요,4,N,N,None,None,N,None,0,None,None,None,None,None,N,S000001057805,KOR,밑바닥부터 시작하는 딥러닝,9788968484636,0,None,None,None,AP****************,AP****************,[],0,0,0,0,0,N,N,N,N,,None,[],0,None
13869522,001,001,002,62018755562,cu*******,2024-05-31 16:30:41.07304,공부를 위해 구매했습니다. 감사합니다.,002,002,도움돼요,4,N,N,None,None,N,None,0,None,None,None,None,None,N,S000001057805,KOR,밑바닥부터 시작하는 딥러닝,9788968484636,0,None,None,None,AP****************,AP****************,[],0,0,0,0,0,N,N,N,N,,14092980,[],0,None
13132223,001,001,002,62210388173,kw*****,2024-02-14 22:02:56.283654,딥러닝시리즈중 단연 최고,002,002,도움돼요,4,N,N,None,None,N,None,0,None,None,None,None,None,N,S000001057805,KOR,밑바닥부터 시작하는 딥러닝,9788968484636,0,None,None,None,AP****************,AP****************,[],0,0,0,0,0,N,N,N,N,,None,[],0,None
12832595,001,001,002,62016223253,pu*******,2024-01-02 09:39:41.835805,"잘 읽힙니다, 꼼꼼히 읽어보겠습니다.",002,002,도움돼요,4,N,N,None,None,N,None,0,None,None,None,None,None,N,S000001057805,KOR,밑바닥부터 시작하는 딥러닝,9788968484636,0,None,None,None,AP****************,AP****************,[],0,0,0,0,0,N,N,N,N,,None,[],0,None
12017432,001,001,002,62015478889,gy******,2023-08-09 13:49:12.161319,딥러닝을 하나하나 파이썬으로 만들어가면서 개념을 배우는 일은 정말 즐겁습니다.,002,004,최고예요,4,N,N,None,None,N,None,0,None,None,None,None,None,N,S000001057805,KOR,밑바닥부터 시작하는 딥러닝,9788968484636,0,None,None,None,AP****************,AP****************,[],0,0,0,0,0,N,N,N,N,,None,[],0,None
11469844,001,001,002,62004396765,sn******,2023-05-06 09:03:44.167385,좋은 책이네요 마음에 듭니다,002,001,집중돼요,4,N,N,None,None,N,None,0,None,None,None,None,None,N,S000001057805,KOR,밑바닥부터 시작하는 딥러닝,9788968484636,0,None,None,None,AP****************,AP****************,[],0,0,0,0,0,N,N,N,N,,None,[],0,None
10887821,001,001,002,62020173874,in*******,2023-02-23 09:28:07.33864,책의 번역이 매우 좋아서 이해가 쉽습니다.,002,004,최고예요,4,N,N,None,None,N,None,0,None,None,None,None,None,N,S000001057805,KOR,밑바닥부터 시작하는 딥러닝,9788968484636,0,None,None,None,AP****************,AP****************,[],0,0,0,0,0,N,N,N,N,,None,[],0,None
10734485,001,001,002,62019610559,so******,2023-02-07 10:30:06.274052,딥러닝을 텐서플로나 파이토치같이 프레임워크를 가지고 공부만 하다가 이렇게 직접 각각의 기능을 구현하는 것이 책 제목처럼 밑바닥부터 시작해서 하나 하나 기본을 다질 수가 있어서 정말 추천합니다!!,002,004,최고예요,4,Y,N,None,None,N,None,0,None,None,None,None,None,N,S000001057805,KOR,밑바닥부터 시작하는 딥러닝,9788968484636,0,None,None,None,AP****************,AP****************,[],0,0,0,0,0,N,N,N,N,,None,[],0,None
10061261,001,001,002,62211114675,de*******,2022-10-24 15:27:59.68521,도움됩니다. 괜찮음,002,002,도움돼요,4,N,N,None,None,N,None,0,None,None,None,None,None,N,S000001057805,KOR,밑바닥부터 시작하는 딥러닝,9788968484636,0,None,None,None,AP****************,AP****************,[],0,0,0,0,0,N,N,N,N,,None,[],0,None
2400031,001,001,002,52006066070,ky*****,2022-07-29 18:43:50.35,이해하기 쉬워서 좋아요,002,003,쉬웠어요,4,N,N,None,None,N,None,0,None,None,None,None,0,N,S000001057805,KOR,밑바닥부터 시작하는 딥러닝,9788968484636,0,None,None,None,52*********,52*********,[],0,0,0,0,0,N,N,N,N,,None,[],0,None
2400076,001,001,002,62008451486,fi******,2022-04-06 14:42:13.573,딥러닝에 대해 얕게 알 수 있어요.,002,005,추천해요,4,N,N,None,None,N,None,0,None,None,None,None,0,N,S000001057805,KOR,밑바닥부터 시작하는 딥러닝,9788968484636,0,None,None,None,62*********,62*********,[],0,0,0,0,0,N,N,N,N,,None,[],0,None
2400013,001,001,002,22010837666,ma*****,2022-04-06 09:26:12.833,많은 도움이 됩니다,002,001,집중돼요,4,N,N,None,None,N,None,0,None,None,None,None,0,N,S000001057805,KOR,밑바닥부터 시작하는 딥러닝,9788968484636,0,None,None,None,22*********,22*********,[],0,0,0,0,0,N,N,N,N,,None,[],0,None
2400138,001,001,002,62201211844,lp*****,2022-02-21 11:33:19.293,책이 매우 좋습니다.,002,002,도움돼요,4,N,N,None,None,N,None,0,None,None,None,None,0,N,S000001057805,KOR,밑바닥부터 시작하는 딥러닝,9788968484636,0,None,None,None,62*********,62*********,[],0,0,0,0,0,N,N,N,N,,None,[],0,None
2400086,001,001,002,62013078893,bd******,2022-01-04 12:32:26.596,딥러닝에 대해서 공부할 수 있는 책이다.,002,003,쉬웠어요,4,N,N,None,None,N,None,0,None,None,None,None,0,N,S000001057805,KOR,밑바닥부터 시작하는 딥러닝,9788968484636,0,None,None,None,62*********,62*********,[],0,0,0,0,0,N,N,N,N,,None,[],0,None
2400047,001,001,002,52013178843,wn********,2021-12-16 15:08:04.16,잘 읽히고 이해가 잘갑니다.,002,002,도움돼요,4,N,N,None,None,N,None,0,None,None,None,None,0,N,S000001057805,KOR,밑바닥부터 시작하는 딥러닝,9788968484636,0,None,None,None,52*********,52*********,[],0,0,0,0,0,N,N,N,N,,None,[],0,None
2400053,001,001,002,62003129328,ho****,2021-12-06 15:08:17.33,"잘 활용하도록 할께요
쓱 넘겨봤는데 괜찮은 책같습니다",002,005,추천해요,4,N,N,None,None,N,None,0,None,None,None,None,0,N,S000001057805,KOR,밑바닥부터 시작하는 딥러닝,9788968484636,0,None,None,None,62*********,62*********,[],0,0,0,0,0,N,N,N,N,,None,[],0,None
2400136,001,001,002,62020880751,08******,2021-11-29 04:11:28.93,딥러닝 정석 유명교재,002,001,집중돼요,4,N,N,None,None,N,None,0,None,None,None,None,0,N,S000001057805,KOR,밑바닥부터 시작하는 딥러닝,9788968484636,0,None,None,None,62*********,62*********,[],0,0,0,0,0,N,N,N,N,,None,[],0,None
2400008,001,001,002,12002593408,hy********,2021-10-07 21:57:47.876,조금 어렵지만 좋아요,002,001,집중돼요,4,N,N,None,None,N,None,0,None,None,None,None,0,N,S000001057805,KOR,밑바닥부터 시작하는 딥러닝,9788968484636,0,None,None,None,12*********,12*********,[],0,0,0,0,0,N,N,N,N,,None,[],0,None
2400019,001,001,002,42003188827,si*******,2021-09-20 05:46:05.986,원래 pdf파일로 원서가 돌아다니지만 그래도 공부하려면 책을 구매해야될거같아서 ^^ 마침 번역본이 있어 구매했어요,002,005,추천해요,4,N,N,None,None,N,None,0,None,None,None,None,0,N,S000001057805,KOR,밑바닥부터 시작하는 딥러닝,9788968484636,0,None,None,None,42*********,42*********,[],0,0,0,0,0,N,N,N,N,,None,[],0,None
2400079,001,001,002,62010250586,so*******,2021-09-11 13:35:30.153,딥러닝 공부하기좋아요,002,005,추천해요,3,N,N,None,None,N,None,0,None,None,None,None,0,N,S000001057805,KOR,밑바닥부터 시작하는 딥러닝,9788968484636,0,None,None,None,62*********,62*********,[],0,0,0,0,0,N,N,N,N,,None,[],0,None
2400034,001,001,002,52008059455,mi********,2021-09-09 20:16:19.753,공부에 도움되는 책입니다 입문용으로 좋아요,002,001,집중돼요,4,N,N,None,None,N,None,0,None,None,None,None,0,N,S000001057805,KOR,밑바닥부터 시작하는 딥러닝,9788968484636,0,None,None,None,52*********,52*********,[],0,0,0,0,0,N,N,N,N,,None,[],0,None
2400093,001,001,002,62015145446,ks******,2021-08-18 10:38:30.99,쉬운 딥러닝 입문서 빠르게 볼 수 있어요!,002,005,추천해요,4,N,N,None,None,N,None,0,None,None,None,None,0,N,S000001057805,KOR,밑바닥부터 시작하는 딥러닝,9788968484636,0,None,None,None,62*********,62*********,[],0,0,0,0,0,N,N,N,N,,None,[],0,None
2400087,001,001,002,62013323284,li******,2021-08-02 11:36:51.9,공부에 도움이되는 책입니다. 딥러닝 입문자에게 유용한 책입니다,002,003,쉬웠어요,4,N,N,None,None,N,None,0,None,None,None,None,0,N,S000001057805,KOR,밑바닥부터 시작하는 딥러닝,9788968484636,0,None,None,None,62*********,62*********,[],0,0,0,0,0,N,N,N,N,,None,[],0,None
2400044,001,001,002,52010048201,gs*******,2021-07-09 11:32:43.436,도움되었습니다~ㅎㅎ,002,005,추천해요,4,N,N,None,None,N,None,0,None,None,None,None,0,N,S000001057805,KOR,밑바닥부터 시작하는 딥러닝,9788968484636,0,None,None,None,52*********,52*********,[],0,0,0,0,0,N,N,N,N,,None,[],0,None
2399998,001,001,002,12000136406,he*******,2021-04-26 16:01:50.37,잘 받아서 잘 보았습니다.약간 아쉬운 점은 있네요...,002,001,집중돼요,3,N,N,None,None,N,None,0,None,None,None,None,0,N,S000001057805,KOR,밑바닥부터 시작하는 딥러닝,9788968484636,0,None,None,None,12*********,12*********,[],0,0,0,0,0,N,N,N,N,,None,[],0,None
2400084,001,001,002,62012321239,pa******,2021-04-18 12:39:43.49,딥러닝 공부하고싶어서 샀는데 좋아요,002,002,도움돼요,4,N,N,None,None,N,None,0,None,None,None,None,0,N,S000001057805,KOR,밑바닥부터 시작하는 딥러닝,9788968484636,0,None,None,None,62*********,62*********,[],0,0,0,0,0,N,N,N,N,,None,[],0,None
2400074,001,001,002,62008383319,ph****,2021-03-27 09:01:15.323,생각보다 얇아서 빠르게 볼수 있어요,002,003,쉬웠어요,4,N,N,None,None,N,None,0,None,None,None,None,0,N,S000001057805,KOR,밑바닥부터 시작하는 딥러닝,9788968484636,0,None,None,None,62*********,62*********,[],0,0,0,0,0,N,N,N,N,,None,[],0,None
2400130,001,001,002,62019495300,pk****,2021-03-08 09:53:06.906,공부하기 좋아요,002,001,집중돼요,4,N,N,None,None,N,None,0,None,None,None,None,0,N,S000001057805,KOR,밑바닥부터 시작하는 딥러닝,9788968484636,0,None,None,None,62*********,62*********,[],0,0,0,0,0,N,N,N,N,,None,[],0,None
2400134,001,001,002,62020314834,gh*****,2021-03-07 12:13:05.89,공부하기 좋아요,002,005,추천해요,4,N,N,None,None,N,None,0,None,None,None,None,0,N,S000001057805,KOR,밑바닥부터 시작하는 딥러닝,9788968484636,0,None,None,None,62*********,62*********,[],0,0,0,0,0,N,N,N,N,,None,[],0,None
2400061,001,001,002,62005011609,pp****,2021-02-02 13:18:51.596,좋아요,002,001,집중돼요,4,N,N,None,None,N,None,0,None,None,None,None,0,N,S000001057805,KOR,밑바닥부터 시작하는 딥러닝,9788968484636,0,None,None,None,62*********,62*********,[],0,0,0,0,0,N,N,N,N,,None,[],0,None
2400116,001,001,002,62018023472,mj*****,2021-02-02 10:14:10.72,좋아요,002,002,도움돼요,4,N,N,None,None,N,None,0,None,None,None,None,0,N,S000001057805,KOR,밑바닥부터 시작하는 딥러닝,9788968484636,0,None,None,None,62*********,62*********,[],0,0,0,0,0,N,N,N,N,,None,[],0,None
2400099,001,001,002,62016146471,ss*******,2021-01-29 12:57:41.34,배송 빠르게 잘 받았어요. 워낙 책이 좋다고 해서 샀네요. 벌써 기대가 됩니다.,002,001,집중돼요,4,N,N,None,None,N,None,0,None,None,None,None,0,N,S000001057805,KOR,밑바닥부터 시작하는 딥러닝,9788968484636,0,None,None,None,62*********,62*********,[],0,0,0,0,0,N,N,N,N,,None,[],0,None
2400108,001,001,002,62017082276,tn*******,2021-01-23 11:40:37.97,딥러닝공부하는데 유용하게 읽고있습니다!,002,005,추천해요,4,N,N,None,None,N,None,0,None,None,None,None,0,N,S000001057805,KOR,밑바닥부터 시작하는 딥러닝,9788968484636,0,None,None,None,62*********,62*********,[],0,0,0,0,0,N,N,N,N,,None,[],0,None
2400020,001,001,002,42003292747,kj******,2021-01-22 09:32:10.55,읽으면서 공부중입니다.,002,005,추천해요,4,N,N,None,None,N,None,0,None,None,None,None,0,N,S000001057805,KOR,밑바닥부터 시작하는 딥러닝,9788968484636,0,None,None,None,42*********,42*********,[],0,0,0,0,0,N,N,N,N,,None,[],0,None
2400090,001,001,002,62014275262,dk*******,2021-01-20 18:05:35.336,한번쯤은 읽기를!,002,005,추천해요,4,N,N,None,None,N,None,0,None,None,None,None,0,N,S000001057805,KOR,밑바닥부터 시작하는 딥러닝,9788968484636,0,None,None,None,62*********,62*********,[],0,0,0,0,0,N,N,N,N,,None,[],0,None
2400115,001,001,002,62018006881,de******,2021-01-14 18:29:15.88,딥러닝 시작을 함께하면 좋은 책 같아요!!,002,003,쉬웠어요,4,N,N,None,None,N,None,0,None,None,None,None,0,N,S000001057805,KOR,밑바닥부터 시작하는 딥러닝,9788968484636,0,None,None,None,62*********,62*********,[],0,0,0,0,0,N,N,N,N,,None,[],0,None
2400106,001,001,002,62016599929,ju********,2021-01-11 12:35:36.373,꼼꼼하게 쓰여있어서 좋습니다,002,003,쉬웠어요,4,N,N,None,None,N,None,0,None,None,None,None,0,N,S000001057805,KOR,밑바닥부터 시작하는 딥러닝,9788968484636,0,None,None,None,62*********,62*********,[],0,0,0,0,0,N,N,N,N,,None,[],0,None
2400083,001,001,002,62011426702,co******,2021-01-08 09:21:26.533,딥러닝 입문서답게 좋은것 같습니다. 딥러닝의 지식을 쌓을수 있는 계기였습니다.,002,005,추천해요,4,N,N,None,None,N,None,0,None,None,None,None,0,N,S000001057805,KOR,밑바닥부터 시작하는 딥러닝,9788968484636,0,None,None,None,62*********,62*********,[],0,0,0,0,0,N,N,N,N,,None,[],0,None
2400137,001,001,002,62201169548,rj******,2021-01-05 19:00:16.786,딥러닝의 기초 이론부터 공부하는 책이에요. 제가 바라던 책입니다 ㅠㅠㅠ,002,005,추천해요,4,N,N,None,None,N,None,0,None,None,None,None,0,N,S000001057805,KOR,밑바닥부터 시작하는 딥러닝,9788968484636,0,None,None,None,62*********,62*********,[],0,0,0,0,0,N,N,N,N,,None,[],0,None
2400113,001,001,002,62017731206,hy********,2020-12-29 14:46:09.55,재밌습니다.,002,002,도움돼요,4,N,N,None,None,N,None,0,None,None,None,None,0,N,S000001057805,KOR,밑바닥부터 시작하는 딥러닝,9788968484636,0,None,None,None,62*********,62*********,[],0,0,0,0,0,N,N,N,N,,None,[],0,None
2400073,001,001,002,62008219590,ne********,2020-12-18 10:52:43.4,파이썬기반으로 잘 작성 된 책,002,001,집중돼요,4,N,N,None,None,N,None,0,None,None,None,None,0,N,S000001057805,KOR,밑바닥부터 시작하는 딥러닝,9788968484636,0,None,None,None,62*********,62*********,[],0,0,0,0,0,N,N,N,N,,None,[],0,None
2400009,001,001,002,12003031733,mi*****,2020-12-16 16:52:45.72,믿고 읽는 책입니다.,002,001,집중돼요,4,N,N,None,None,N,None,0,None,None,None,None,0,N,S000001057805,KOR,밑바닥부터 시작하는 딥러닝,9788968484636,0,None,None,None,12*********,12*********,[],0,0,0,0,0,N,N,N,N,,None,[],0,None
2400029,001,001,002,42005251218,ir*****,2020-12-15 11:27:35.383,딥러닝에 대한 기본적인 이해를 돕는 책,002,001,집중돼요,4,N,N,None,None,N,None,0,None,None,None,None,0,N,S000001057805,KOR,밑바닥부터 시작하는 딥러닝,9788968484636,0,None,None,None,42*********,42*********,[],0,0,0,0,0,N,N,N,N,,None,[],0,None
2400028,001,001,002,42005087608,al*****,2020-12-13 12:01:35.19,딥러닝 이론과 구현을 배울 수 있습니다.,002,001,집중돼요,4,N,N,None,None,N,None,0,None,None,None,None,0,N,S000001057805,KOR,밑바닥부터 시작하는 딥러닝,9788968484636,0,None,None,None,42*********,42*********,[],0,0,0,0,0,N,N,N,N,,None,[],0,None
2400036,001,001,002,52008139900,ch*****,2020-12-06 15:26:56.806,잘읽히네요. 책 제목 그대로 밑바닥부터 시작하기 좋은 책입니다,002,002,도움돼요,4,N,N,None,None,N,None,0,None,None,None,None,0,N,S000001057805,KOR,밑바닥부터 시작하는 딥러닝,9788968484636,0,None,None,None,52*********,52*********,[],0,0,0,0,0,N,N,N,N,,None,[],0,None
2400037,001,001,002,52008278317,ta********,2020-11-21 00:26:35.596,"딥러닝을 공부하기 시착한 사람이라면 꼭 조라고 추천하고 싶네요.
필요한 내용들을 정말 바닥부터 설멸해주고 있다고나 항까요...",002,005,추천해요,4,N,N,None,None,N,None,0,None,None,None,None,0,N,S000001057805,KOR,밑바닥부터 시작하는 딥러닝,9788968484636,0,None,None,None,52*********,52*********,[],0,0,0,0,0,N,N,N,N,,None,[],0,None
2400049,001,001,002,52016026447,tm********,2020-10-10 10:07:09.24,공부하기 좋은 서적입니다,002,001,집중돼요,4,N,N,None,None,N,None,0,None,None,None,None,0,N,S000001057805,KOR,밑바닥부터 시작하는 딥러닝,9788968484636,0,None,None,None,52*********,52*********,[],0,0,0,0,0,N,N,N,N,,None,[],0,None
2400077,001,001,002,62009205131,ch********,2020-09-23 18:33:26.916,진짜 지렸다!!!!,002,001,집중돼요,4,N,N,None,None,N,None,0,None,None,None,None,0,N,S000001057805,KOR,밑바닥부터 시작하는 딥러닝,9788968484636,0,None,None,None,62*********,62*********,[],0,0,0,0,0,N,N,N,N,,None,[],0,None
2400133,001,001,002,62020195529,cc*****,2020-09-15 00:31:49.756,전공 때문에 샀는데 괜찮아요,002,005,추천해요,4,N,N,None,None,N,None,0,None,None,None,None,0,N,S000001057805,KOR,밑바닥부터 시작하는 딥러닝,9788968484636,0,None,None,None,62*********,62*********,[],0,0,0,0,0,N,N,N,N,,None,[],0,None
2400094,001,001,002,62015411728,bt***,2020-09-06 18:02:06.6,"몇몇 부분은 물론 아쉽지만, 그래도 초심자용으로 정말 좋은 것 같습니다.",002,002,도움돼요,4,N,N,None,None,N,None,0,None,None,None,None,0,N,S000001057805,KOR,밑바닥부터 시작하는 딥러닝,9788968484636,0,None,None,None,62*********,62*********,[],0,0,0,0,0,N,N,N,N,,None,[],0,None
2400135,001,001,002,62020807260,jh******,2020-09-04 18:21:16.29,쉽고 이해하기 편하게되어있습니다. 코드도 github에 잘 정리되어있고요,002,002,도움돼요,4,N,N,None,None,N,None,0,None,None,None,None,0,N,S000001057805,KOR,밑바닥부터 시작하는 딥러닝,9788968484636,0,None,None,None,62*********,62*********,[],0,0,0,0,0,N,N,N,N,,None,[],0,None
2400035,001,001,002,52008091459,ju******,2020-08-28 08:01:31.176,사실 코딩을 배우려고 산 책은 아니고 딥러닝에 대해서 알고 싶어서 산 책입니다. 그런데 2가지가 다 가능해질것도 같습니다. 몇번 더 읽어봐야겠어요,002,005,추천해요,4,N,N,None,None,N,None,0,None,None,None,None,0,N,S000001057805,KOR,밑바닥부터 시작하는 딥러닝,9788968484636,0,None,None,None,52*********,52*********,[],0,0,0,0,0,N,N,N,N,,None,[],0,None
2400011,001,001,002,12006967965,gj********,2020-08-17 00:46:19.283,정독하며 읽기 좋은 책입니다,002,003,쉬웠어요,4,N,N,None,None,N,None,0,None,None,None,None,0,N,S000001057805,KOR,밑바닥부터 시작하는 딥러닝,9788968484636,0,None,None,None,12*********,12*********,[],0,0,0,0,0,N,N,N,N,,None,[],0,None
2400089,001,001,002,62014226369,sc********,2020-08-13 23:25:22.39,책이 설명이 잘 되어있어서 좋아요,002,005,추천해요,4,N,N,None,None,N,None,0,None,None,None,None,0,N,S000001057805,KOR,밑바닥부터 시작하는 딥러닝,9788968484636,0,None,None,None,62*********,62*********,[],0,0,0,0,0,N,N,N,N,,None,[],0,None
2400025,001,001,002,42004389794,mo******,2020-08-10 10:51:18.813,딥러닝 기초는 일단 이책부터 시작하는 것이 좋습니다. 그러면 나중에 머신러닝 딥러니 강화학습관련 책  보기가 편안합니다.,002,001,집중돼요,4,N,N,None,None,N,None,0,None,None,None,None,0,N,S000001057805,KOR,밑바닥부터 시작하는 딥러닝,9788968484636,0,None,None,None,42*********,42*********,[],0,0,0,0,0,N,N,N,N,,None,[],0,None
2399999,001,001,002,12000175656,on********,2020-08-01 09:01:28.656,좋아요!,002,005,추천해요,3,N,N,None,None,N,None,0,None,None,None,None,0,N,S000001057805,KOR,밑바닥부터 시작하는 딥러닝,9788968484636,0,None,None,None,12*********,12*********,[],0,0,0,0,0,N,N,N,N,,None,[],0,None
2400096,001,001,002,62015493806,kh********,2020-07-13 09:03:13.11,딥러닝 처음 공부하는사람에게 추천합니다. 설명이기초적이에요,002,001,집중돼요,4,N,N,None,None,N,None,0,None,None,None,None,0,N,S000001057805,KOR,밑바닥부터 시작하는 딥러닝,9788968484636,0,None,None,None,62*********,62*********,[],0,0,0,0,0,N,N,N,N,,None,[],0,None
2400131,001,001,002,62019702892,ac********,2020-07-08 20:40:08.886,포장만족합니다,002,001,집중돼요,4,N,N,None,None,N,None,0,None,None,None,None,0,N,S000001057805,KOR,밑바닥부터 시작하는 딥러닝,9788968484636,0,None,None,None,62*********,62*********,[],0,0,0,0,0,N,N,N,N,,None,[],0,None
2400122,001,001,002,62018399549,ah*****,2020-07-03 16:51:45.896,좋아요.,002,002,도움돼요,4,N,N,None,None,N,None,0,None,None,None,None,0,N,S000001057805,KOR,밑바닥부터 시작하는 딥러닝,9788968484636,0,None,None,None,62*********,62*********,[],0,0,0,0,0,N,N,N,N,,None,[],0,None
2400118,001,001,002,62018116128,ba********,2020-05-13 10:17:49.16,밑바닥부터 시작하는 딥러닝,002,002,도움돼요,4,N,N,None,None,N,None,0,None,None,None,None,0,N,S000001057805,KOR,밑바닥부터 시작하는 딥러닝,9788968484636,0,None,None,None,62*********,62*********,[],0,0,0,0,0,N,N,N,N,,None,[],0,None
2400027,001,001,002,42005047586,ha*******,2020-04-02 13:50:06.553,책이 보기 쉽게 되어 있어요,002,001,집중돼요,4,N,N,None,None,N,None,0,None,None,None,None,0,N,S000001057805,KOR,밑바닥부터 시작하는 딥러닝,9788968484636,0,None,None,None,42*********,42*********,[],0,0,0,0,0,N,N,N,N,,None,[],0,None
2400127,001,001,002,62019285664,mj*****,2020-04-02 12:29:01.34,쉽게읽기좋아요,002,001,집중돼요,4,N,N,None,None,N,None,0,None,None,None,None,0,N,S000001057805,KOR,밑바닥부터 시작하는 딥러닝,9788968484636,0,None,None,None,62*********,62*********,[],0,0,0,0,0,N,N,N,N,,None,[],0,None
2400040,001,001,002,52009252586,tj*******,2020-03-23 14:44:18.33,딥러닝을 처음공부하는 입장에서 아주 친절하게 설명되어있습니다. 다만 프로그래밍이 처음이라던가 딥러닝을 조금더 깊게 공부하고 싶은 분들은ㄷ ㅏ른책을 추천드립니다.,002,001,집중돼요,4,N,N,None,None,N,None,0,None,None,None,None,0,N,S000001057805,KOR,밑바닥부터 시작하는 딥러닝,9788968484636,0,None,None,None,52*********,52*********,[],0,0,0,0,0,N,N,N,N,,None,[],0,None
2400112,001,001,002,62017639468,da******,2020-03-07 17:06:20.21,딥러닝을 처음 접하는 독자들에게 매우 유용한 책입니다. 신경망에 대해서도 자세히 쉽게 설명되어 있어서 딥러닝에 대한 이해를 원한다면 추천드리고 싶습니다.,002,002,도움돼요,4,N,N,None,None,N,None,0,None,None,None,None,0,N,S000001057805,KOR,밑바닥부터 시작하는 딥러닝,9788968484636,0,None,None,None,62*********,62*********,[],0,0,0,0,0,N,N,N,N,,None,[],0,None
2400060,001,001,002,62004336027,zz******,2020-02-29 09:00:58.936,생각했던것보다 책이 얇고 읽기편하네요,002,005,추천해요,4,N,N,None,None,N,None,0,None,None,None,None,0,N,S000001057805,KOR,밑바닥부터 시작하는 딥러닝,9788968484636,0,None,None,None,62*********,62*********,[],0,0,0,0,0,N,N,N,N,,None,[],0,None
2400105,001,001,002,62016560727,ll****,2020-02-26 21:58:46.4,열심히 공부할게여,002,003,쉬웠어요,4,N,N,None,None,N,None,0,None,None,None,None,0,N,S000001057805,KOR,밑바닥부터 시작하는 딥러닝,9788968484636,0,None,None,None,62*********,62*********,[],0,0,0,0,0,N,N,N,N,,None,[],0,None
2400092,001,001,002,62014338873,do********,2020-02-22 13:12:40.61,확실히 코딩을 처음 입문하는 사람한테는 다소 구체적으로 알려주지는 않지만 딥러닝 관해서는 도움이 많이 됩니다.,002,005,추천해요,4,N,N,None,None,N,None,0,None,None,None,None,0,N,S000001057805,KOR,밑바닥부터 시작하는 딥러닝,9788968484636,0,None,None,None,62*********,62*********,[],0,0,0,0,0,N,N,N,N,,None,[],0,None
2400021,001,001,002,42003314370,dl*****,2020-02-18 16:42:26.51,"코딩에 관시이 많아서  서점에서 직접읽고 주문했습니다.
또 새로운거고 유튜브에서도 볼수없는 내용이 있다고하네요",002,001,집중돼요,4,N,N,None,None,N,None,0,None,None,None,None,0,N,S000001057805,KOR,밑바닥부터 시작하는 딥러닝,9788968484636,0,None,None,None,42*********,42*********,[],0,0,0,0,0,N,N,N,N,,None,[],0,None
2400095,001,001,002,62015424772,ck*******,2020-02-09 17:10:46.39,입문자 입장에서 단연 최고인 책.,002,002,도움돼요,4,N,N,None,None,N,None,0,None,None,None,None,0,N,S000001057805,KOR,밑바닥부터 시작하는 딥러닝,9788968484636,0,None,None,None,62*********,62*********,[],0,0,0,0,0,N,N,N,N,,None,[],0,None
2400132,001,001,002,62019870374,ch********,2019-12-19 23:22:39.673,좋아요. 좋아. 좋아요.,002,005,추천해요,4,N,N,None,None,N,None,0,None,None,None,None,0,N,S000001057805,KOR,밑바닥부터 시작하는 딥러닝,9788968484636,0,None,None,None,62*********,62*********,[],0,0,0,0,0,N,N,N,N,,None,[],0,None
2400038,001,001,002,52008352507,ja********,2019-12-18 16:06:42.583,딥러닝 초심자가 읽기 좋다고 해서 구매했어욥,002,001,집중돼요,4,N,N,None,None,N,None,0,None,None,None,None,0,N,S000001057805,KOR,밑바닥부터 시작하는 딥러닝,9788968484636,0,None,None,None,52*********,52*********,"[{'atacFileNum': 46185, 'atacFileSqnc': 1, 'saveFilePathName': 'dtl/Klover/', 'saveFileName': '20191218160637210.jpg', 'origAtacFileName': '0ACEE9F9-5DC8-4AE2-8BA8-3403712BCCB7.jpeg', 'atacFileExtnsName': 'jpg', 'webLinkUrladrs': 'dtl/Klover/201912/20191218160637210.jpg', 'filePatrCode': '001', 'atacFileDscr': '48274', 'atacFileByteCont': '0', 'flag': 'R'}]",1,46185,0,0,0,N,N,N,N,,None,[],0,None
2400068,001,001,002,62006234308,ko*******,2019-12-16 09:20:51.396,아직 보기 전이여서 열공해 봐야지,002,002,도움돼요,3,N,N,None,None,N,None,0,None,None,None,None,0,N,S000001057805,KOR,밑바닥부터 시작하는 딥러닝,9788968484636,0,None,None,None,62*********,62*********,[],0,0,0,0,0,N,N,N,N,,None,[],0,None
2400001,001,001,002,12001203802,pu******,2019-12-09 07:32:46.343,좋은 책 입니다. 다른 사람들로 부터 추천받고 구매했는데 그 이유를 알겠네요.,002,001,집중돼요,4,N,N,None,None,N,None,0,None,None,None,None,0,N,S000001057805,KOR,밑바닥부터 시작하는 딥러닝,9788968484636,0,None,None,None,12*********,12*********,[],0,0,0,0,0,N,N,N,N,,None,[],0,None
2400039,001,001,002,52009202783,wn********,2019-11-29 13:22:42.67,딥러닝의 기초원리를 이해하는데는 이만한 책이 없는것 같습니다,002,005,추천해요,4,N,N,None,None,N,None,0,None,None,None,None,0,N,S000001057805,KOR,밑바닥부터 시작하는 딥러닝,9788968484636,0,None,None,None,52*********,52*********,[],0,0,0,0,0,N,N,N,N,,None,[],0,None
2400069,001,001,002,62007029379,hj******,2019-11-29 09:10:57.16,좋아요,002,005,추천해요,4,N,N,None,None,N,None,0,None,None,None,None,0,N,S000001057805,KOR,밑바닥부터 시작하는 딥러닝,9788968484636,0,None,None,None,62*********,62*********,[],0,0,0,0,0,N,N,N,N,,None,[],0,None
2400110,001,001,002,62017358597,ke*******,2019-11-24 20:49:37.923,좋아요,002,001,집중돼요,4,N,N,None,None,N,None,0,None,None,None,None,0,N,S000001057805,KOR,밑바닥부터 시작하는 딥러닝,9788968484636,0,None,None,None,62*********,62*********,[],0,0,0,0,0,N,N,N,N,,None,[],0,None
2400128,001,001,002,62019352168,kw****,2019-11-14 12:15:07.663,무겁지 않고 적당한 책이다,002,005,추천해요,4,N,N,None,None,N,None,0,None,None,None,None,0,N,S000001057805,KOR,밑바닥부터 시작하는 딥러닝,9788968484636,0,None,None,None,62*********,62*********,[],0,0,0,0,0,N,N,N,N,,None,[],0,None
2400066,001,001,002,62005386583,go*******,2019-10-27 01:18:58.423,뉴스로만 보던 딥러닝을 배울수 있어요,002,001,집중돼요,4,N,N,None,None,N,None,0,None,None,None,None,0,N,S000001057805,KOR,밑바닥부터 시작하는 딥러닝,9788968484636,0,None,None,None,62*********,62*********,[],0,0,0,0,0,N,N,N,N,,None,[],0,None
2400104,001,001,002,62016557372,gu****,2019-10-20 06:04:46.57,유용합니다,002,005,추천해요,4,N,N,None,None,N,None,0,None,None,None,None,0,N,S000001057805,KOR,밑바닥부터 시작하는 딥러닝,9788968484636,0,None,None,None,62*********,62*********,[],0,0,0,0,0,N,N,N,N,,None,[],0,None
2400088,001,001,002,62014057808,19******,2019-10-05 23:39:04.203,머신러닝을 공부하기에 좋습니다,002,005,추천해요,4,N,N,None,None,N,None,0,None,None,None,None,0,N,S000001057805,KOR,밑바닥부터 시작하는 딥러닝,9788968484636,0,None,None,None,62*********,62*********,[],0,0,0,0,0,N,N,N,N,,None,[],0,None
2400010,001,001,002,12005265833,ar********,2019-09-22 22:44:02.866,기초개념을 확실히 잡을 수 있습니다,002,003,쉬웠어요,4,N,N,None,None,N,None,0,None,None,None,None,0,N,S000001057805,KOR,밑바닥부터 시작하는 딥러닝,9788968484636,0,None,None,None,12*********,12*********,[],0,0,0,0,0,N,N,N,N,,None,[],0,None
2400129,001,001,002,62019458169,gr*****,2019-08-08 14:15:53.936,딥러닝에 대해 다양하게 이해하기 좋습니다,002,001,집중돼요,4,N,N,None,None,N,None,0,None,None,None,None,0,N,S000001057805,KOR,밑바닥부터 시작하는 딥러닝,9788968484636,0,None,None,None,62*********,62*********,[],0,0,0,0,0,N,N,N,N,,None,[],0,None
2400117,001,001,002,62018026263,th********,2019-07-27 09:10:11.726,"읽자마자 챕터2까지 다 읽었네요(쉬운 부분이라).
그만큼 쉬운 내용도 지루하지 않게 쓴 가독성 좋은 책입니다.
설명이 상당히 쉬워서 처음 입문자용으로 적합.
다 공부하면 다른 시리즈도 봐야겠어용",002,002,도움돼요,4,N,N,None,None,N,None,0,None,None,None,None,0,N,S000001057805,KOR,밑바닥부터 시작하는 딥러닝,9788968484636,0,None,None,None,62*********,62*********,[],0,0,0,0,0,N,N,N,N,,None,[],0,None
2400120,001,001,002,62018265016,ue*****,2019-07-11 09:23:42.273,또아용 사실아직안읽어봤음,002,001,집중돼요,4,N,N,None,None,N,None,0,None,None,None,None,0,N,S000001057805,KOR,밑바닥부터 시작하는 딥러닝,9788968484636,0,None,None,None,62*********,62*********,[],0,0,0,0,0,N,N,N,N,,None,[],0,None
2400016,001,001,002,42003016987,be*******,2019-07-10 11:26:15.696,밑바닥부터 시작하는 딥러닝,002,005,추천해요,4,N,N,None,None,N,None,0,None,None,None,None,0,N,S000001057805,KOR,밑바닥부터 시작하는 딥러닝,9788968484636,0,None,None,None,42*********,42*********,[],0,0,0,0,0,N,N,N,N,,None,[],0,None
2400102,001,001,002,62016453438,jd****,2019-06-28 12:45:40.813,직접 구현하면서 배우는 본격 딥러닝 입문서.,002,001,집중돼요,4,N,N,None,None,N,None,0,None,None,None,None,0,N,S000001057805,KOR,밑바닥부터 시작하는 딥러닝,9788968484636,0,None,None,None,62*********,62*********,[],0,0,0,0,0,N,N,N,N,,None,[],0,None
2400003,001,001,002,12001365389,br********,2019-06-15 09:15:34.93,빅데이터 개념 잡기부터 간단한 실습까지 한번에 익히도록 잘 구성되어 있어요.,002,005,추천해요,4,N,N,None,None,N,None,0,None,None,None,None,0,N,S000001057805,KOR,밑바닥부터 시작하는 딥러닝,9788968484636,0,None,None,None,12*********,12*********,[],0,0,0,0,0,N,N,N,N,,None,[],0,None
2399991,001,001,002,11998001226,jh****,2019-04-05 16:14:27.493,말그대로 밑바닥부터 딥러닝을 배우기 위해 주문했습니다~,002,003,쉬웠어요,3,N,N,None,None,N,None,0,None,None,None,None,0,N,S000001057805,KOR,밑바닥부터 시작하는 딥러닝,9788968484636,0,None,None,None,11*********,11*********,[],0,0,0,0,0,N,N,N,N,,None,[],0,None
2400057,001,001,002,62003388371,jo*******,2019-04-02 17:38:33.64,기초부터 중급까지 아주 좋아요,002,001,집중돼요,4,N,N,None,None,N,None,0,None,None,None,None,0,N,S000001057805,KOR,밑바닥부터 시작하는 딥러닝,9788968484636,0,None,None,None,62*********,62*********,[],0,0,0,0,0,N,N,N,N,,None,[],0,None
2400048,001,001,002,52016017780,bo***,2019-03-18 12:39:16.58,잘 설명이 되어 있습니다.,002,003,쉬웠어요,4,N,N,None,None,N,None,0,None,None,None,None,0,N,S000001057805,KOR,밑바닥부터 시작하는 딥러닝,9788968484636,0,None,None,None,52*********,52*********,[],0,0,0,0,0,N,N,N,N,,None,[],0,None
2400082,001,001,002,62011319809,yk******,2019-02-08 10:34:48.686,- 딥 러닝의 기초공부에 좋은듯 해요.,002,005,추천해요,3,N,N,None,None,N,None,0,None,None,None,None,0,N,S000001057805,KOR,밑바닥부터 시작하는 딥러닝,9788968484636,0,None,None,None,62*********,62*********,[],0,0,0,0,0,N,N,N,N,,None,[],0,None
2400097,001,001,002,62015526857,ha******,2019-01-25 13:37:09.17,"책 내용도 좋고, 빠른 배송도 좋은데 책 상태가 안 좋습니다 ㅠㅠ 윗부분이 다 뜯어져서 왔는데 속상하네요 ..",002,005,추천해요,3,N,N,None,None,N,None,0,None,None,None,None,0,N,S000001057805,KOR,밑바닥부터 시작하는 딥러닝,9788968484636,0,None,None,None,62*********,62*********,"[{'atacFileNum': 42207, 'atacFileSqnc': 1, 'saveFilePathName': 'dtl/Klover/', 'saveFileName': '20190125133704058.jpg', 'origAtacFileName': 'IMG_1548391025109.jpg', 'atacFileExtnsName': 'jpg', 'webLinkUrladrs': 'dtl/Klover/201901/20190125133704058.jpg', 'filePatrCode': '001', 'atacFileDscr': '31992', 'atacFileByteCont': '0', 'flag': 'R'}]",1,42207,0,0,0,N,N,N,N,,None,[],0,None
2400054,001,001,002,62003140380,ma*******,2019-01-18 10:52:02.776,배송이 빨라요. 구성도 좋아요.,002,001,집중돼요,4,N,N,None,None,N,None,0,None,None,None,None,0,N,S000001057805,KOR,밑바닥부터 시작하는 딥러닝,9788968484636,0,None,None,None,62*********,62*********,[],0,0,0,0,0,N,N,N,N,,None,[],0,None
2400081,001,001,002,62011159018,un****,2018-12-17 07:35:56.416,좋아요,002,001,집중돼요,4,N,N,None,None,N,None,0,None,None,None,None,0,N,S000001057805,KOR,밑바닥부터 시작하는 딥러닝,9788968484636,0,None,None,None,62*********,62*********,[],0,0,0,0,0,N,N,N,N,,None,[],0,None
2400114,001,001,002,62017803594,pj*****,2018-12-11 10:01:03.636,좋은 도서입니다. 감사합니다.,002,001,집중돼요,4,N,N,None,None,N,None,0,None,None,None,None,0,N,S000001057805,KOR,밑바닥부터 시작하는 딥러닝,9788968484636,0,None,None,None,62*********,62*********,[],0,0,0,0,0,N,N,N,N,,None,[],0,None
2400067,001,001,002,62006047113,ko*****,2018-12-04 17:51:36.553,딥러닝 공부를 위해 유용한 책입니다.,002,005,추천해요,4,N,N,None,None,N,None,0,None,None,None,None,0,N,S000001057805,KOR,밑바닥부터 시작하는 딥러닝,9788968484636,0,None,None,None,62*********,62*********,[],0,0,0,0,0,N,N,N,N,,None,[],0,None
2400056,001,001,002,62003198263,ka********,2018-12-01 21:53:44.57,안쓰려다가 알아야 할것같아서 올립니다 책 내용은 너무너무 만족합니다 그러나 교보서비스부분중에 배송이 진짜 쓰레기네요 당일배송이라 신청&#54692;는데 다음날도 아니고 어떻게 5일뒤에 책이오는지 말이안나오네요 급해서 책을 직접가서 샀습니다,002,001,집중돼요,4,N,N,None,None,N,None,0,None,None,None,None,0,N,S000001057805,KOR,밑바닥부터 시작하는 딥러닝,9788968484636,0,None,None,None,62*********,62*********,[],0,0,0,0,0,N,N,N,N,,None,[],0,None
2400046,001,001,002,52012226919,ly******,2018-09-12 20:37:55.87,대학교재인데 괜찮아요,002,001,집중돼요,4,N,N,None,None,N,None,0,None,None,None,None,0,N,S000001057805,KOR,밑바닥부터 시작하는 딥러닝,9788968484636,0,None,None,None,52*********,52*********,[],0,0,0,0,0,N,N,N,N,,None,[],0,None
2399994,001,001,002,11999087405,im*****,2018-08-23 14:09:50.856,딥러닝을 위한 기초잡기??,002,005,추천해요,3,N,N,None,None,N,None,0,None,None,None,None,0,N,S000001057805,KOR,밑바닥부터 시작하는 딥러닝,9788968484636,0,None,None,None,11*********,11*********,[],0,0,0,0,0,N,N,N,N,,None,[],0,None
2400109,001,001,002,62017149824,eh*******,2018-07-25 22:44:16.72,좋아요 열심히 공부할게요~,002,001,집중돼요,4,N,N,None,None,N,None,0,None,None,None,None,0,N,S000001057805,KOR,밑바닥부터 시작하는 딥러닝,9788968484636,0,None,None,None,62*********,62*********,[],0,0,0,0,0,N,N,N,N,,None,[],0,None
2399993,001,001,002,11999082199,om******,2018-06-13 06:02:44.376,읽기전인데 기대가 됩니다,002,001,집중돼요,4,N,N,None,None,N,None,0,None,None,None,None,0,N,S000001057805,KOR,밑바닥부터 시작하는 딥러닝,9788968484636,0,None,None,None,11*********,11*********,[],0,0,0,0,0,N,N,N,N,,None,[],0,None
2400045,001,001,002,52011201209,wu******,2018-06-04 20:18:17.813,감ㅅ하합니다,002,002,도움돼요,4,N,N,None,None,N,None,0,None,None,None,None,0,N,S000001057805,KOR,밑바닥부터 시작하는 딥러닝,9788968484636,0,None,None,None,52*********,52*********,[],0,0,0,0,0,N,N,N,N,,None,[],0,None
2400050,001,001,002,52017203060,sk********,2018-05-22 02:45:39.736,파이썬을 공부 한 다음 이 책을 보면 정말 유용해요.,002,005,추천해요,4,N,N,None,None,N,None,0,None,None,None,None,0,N,S000001057805,KOR,밑바닥부터 시작하는 딥러닝,9788968484636,0,None,None,None,52*********,52*********,[],0,0,0,0,0,N,N,N,N,,None,[],0,None
2400098,001,001,002,62016082297,k0*****,2018-04-26 16:46:43.163,내용이 압축되고 개념잡기 좋습니다,002,002,도움돼요,4,N,N,None,None,N,None,0,None,None,None,None,0,N,S000001057805,KOR,밑바닥부터 시작하는 딥러닝,9788968484636,0,None,None,None,62*********,62*********,[],0,0,0,0,0,N,N,N,N,,None,[],0,None
2400080,001,001,002,62010286747,po********,2018-03-17 13:39:46.353,딥러닝 쪽은 처음인데 읽기 편하게 되 있어요,002,001,집중돼요,4,N,N,None,None,N,None,0,None,None,None,None,0,N,S000001057805,KOR,밑바닥부터 시작하는 딥러닝,9788968484636,0,None,None,None,62*********,62*********,[],0,0,0,0,0,N,N,N,N,,None,[],0,None
2400004,001,001,002,12001497974,pi********,2018-03-13 18:07:52.44,책이 쉽고 자세해요,002,002,도움돼요,4,N,N,None,None,N,None,0,None,None,None,None,0,N,S000001057805,KOR,밑바닥부터 시작하는 딥러닝,9788968484636,0,None,None,None,12*********,12*********,[],0,0,0,0,0,N,N,N,N,,None,[],0,None
2400002,001,001,002,12001323605,s1******,2018-02-14 08:00:45.243,개념 잡기 괜찮아요,002,002,도움돼요,4,N,N,None,None,N,None,0,None,None,None,None,0,N,S000001057805,KOR,밑바닥부터 시작하는 딥러닝,9788968484636,0,None,None,None,12*********,12*********,[],0,0,0,0,0,N,N,N,N,,None,[],0,None
2400064,001,001,002,62005341313,3d*****,2018-01-15 16:12:34.283,압축된 내용이지만 두고두고 볼만한 책,002,005,추천해요,4,N,N,None,None,N,None,0,None,None,None,None,0,N,S000001057805,KOR,밑바닥부터 시작하는 딥러닝,9788968484636,0,None,None,None,62*********,62*********,[],0,0,0,0,0,N,N,N,N,,None,[],0,None
2400017,001,001,002,42003048023,ls****,2018-01-13 16:05:23.45,좋아요,002,001,집중돼요,3,N,N,None,None,N,None,0,None,None,None,None,0,N,S000001057805,KOR,밑바닥부터 시작하는 딥러닝,9788968484636,0,None,None,None,42*********,42*********,[],0,0,0,0,0,N,N,N,N,,None,[],0,None
2400014,001,001,002,32007041015,ce*****,2018-01-12 11:00:21.523,조아요,002,005,추천해요,4,N,N,None,None,N,None,0,None,None,None,None,0,N,S000001057805,KOR,밑바닥부터 시작하는 딥러닝,9788968484636,0,None,None,None,32*********,32*********,[],0,0,0,0,0,N,N,N,N,,None,[],0,None
2399996,001,001,002,11999243300,to*****,2017-12-27 18:01:48.43,굿,002,001,집중돼요,4,N,N,None,None,N,None,0,None,None,None,None,0,N,S000001057805,KOR,밑바닥부터 시작하는 딥러닝,9788968484636,0,None,None,None,11*********,11*********,[],0,0,0,0,0,N,N,N,N,,None,[],0,None
2400101,001,001,002,62016388287,as********,2017-12-01 09:05:38.8,딥러닝을 시작하시는 분들이라면 충분히 소장할만한 가치가 있는 책인거 같습니다. 다만 딥러닝개념을 처음 접하시는 분들이라면 완벽히 이해하는데는 버거울수도 있겠네요.,002,005,추천해요,4,N,N,None,None,N,None,0,None,None,None,None,0,N,S000001057805,KOR,밑바닥부터 시작하는 딥러닝,9788968484636,0,None,None,None,62*********,62*********,[],0,0,0,0,0,N,N,N,N,,None,[],0,None
2400018,001,001,002,42003063800,la****,2017-11-07 16:57:01.853,딥러닝이라는 무거운 주제를 기본부터 차근차근 다뤄서 이해하는데 도움이 많이 된다.,002,005,추천해요,4,N,N,None,None,N,None,0,None,None,None,None,0,N,S000001057805,KOR,밑바닥부터 시작하는 딥러닝,9788968484636,0,None,None,None,42*********,42*********,[],0,0,0,0,0,N,N,N,N,,None,[],0,None
2400085,001,001,002,62012447127,ji*******,2017-10-11 09:01:35.6,술술 잘 읽히고 이해도 잘됩니다.,002,002,도움돼요,4,N,N,None,None,N,None,0,None,None,None,None,0,N,S000001057805,KOR,밑바닥부터 시작하는 딥러닝,9788968484636,0,None,None,None,62*********,62*********,[],0,0,0,0,0,N,N,N,N,,None,[],0,None
2399995,001,001,002,11999142023,do*****,2017-09-02 21:33:31.373,머신러닝을 한방에 일망타진한 느낌!!,002,001,집중돼요,4,N,N,None,None,N,None,0,None,None,None,None,0,N,S000001057805,KOR,밑바닥부터 시작하는 딥러닝,9788968484636,0,None,None,None,11*********,11*********,[],0,0,0,0,0,N,N,N,N,,None,[],0,None
2400059,001,001,002,62004190771,ki*****,2017-08-16 11:38:45.466,왜 많이 팔리는지 알 수 있는 책설명 및 그림을 통해 이해하기 쉽도록 도와줍니다.,002,001,집중돼요,4,N,N,None,None,N,None,0,None,None,None,None,0,N,S000001057805,KOR,밑바닥부터 시작하는 딥러닝,9788968484636,0,None,None,None,62*********,62*********,[],0,0,0,0,0,N,N,N,N,,None,[],0,None
2400075,001,001,002,62008438157,xe***,2017-08-07 10:38:15.976,유용합니다. 좋아요.,002,001,집중돼요,4,N,N,None,None,N,None,0,None,None,None,None,0,N,S000001057805,KOR,밑바닥부터 시작하는 딥러닝,9788968484636,0,None,None,None,62*********,62*********,[],0,0,0,0,0,N,N,N,N,,None,[],0,None
2400078,001,001,002,62010068198,sv****,2017-07-13 10:20:10.486,쉽게 잘 설명해줍니다,002,002,도움돼요,4,N,N,None,None,N,None,0,None,None,None,None,0,N,S000001057805,KOR,밑바닥부터 시작하는 딥러닝,9788968484636,0,None,None,None,62*********,62*********,[],0,0,0,0,0,N,N,N,N,,None,[],0,None
2400072,001,001,002,62008046362,na******,2017-06-11 12:29:44.77,쉽게 잘읽힙니다!!,002,002,도움돼요,4,N,N,None,None,N,None,0,None,None,None,None,0,N,S000001057805,KOR,밑바닥부터 시작하는 딥러닝,9788968484636,0,None,None,None,62*********,62*********,[],0,0,0,0,0,N,N,N,N,,None,[],0,None
2400052,001,001,002,62003121341,po*******,2017-06-08 19:50:54.216,선물하려고 추가 구매했어요~,002,003,쉬웠어요,3,N,N,None,None,N,None,0,None,None,None,None,0,N,S000001057805,KOR,밑바닥부터 시작하는 딥러닝,9788968484636,0,None,None,None,62*********,62*********,[],0,0,0,0,0,N,N,N,N,,None,[],0,None
2400055,001,001,002,62003159470,wl****,2017-05-04 19:21:41.223,좋아요,002,002,도움돼요,4,N,N,None,None,N,None,0,None,None,None,None,0,N,S000001057805,KOR,밑바닥부터 시작하는 딥러닝,9788968484636,0,None,None,None,62*********,62*********,[],0,0,0,0,0,N,N,N,N,,None,[],0,None
2400006,001,001,002,12002391288,bv******,2017-04-26 16:14:03.983,유용합니다.,002,005,추천해요,3,N,N,None,None,N,None,0,None,None,None,None,0,N,S000001057805,KOR,밑바닥부터 시작하는 딥러닝,9788968484636,0,None,None,None,12*********,12*********,[],0,0,0,0,0,N,N,N,N,,None,[],0,None
2400058,001,001,002,62004092831,ha*******,2017-04-19 06:45:59.99,기본지식 수준이 낮아서 어렵긴하지만 좋네요,002,005,추천해요,4,N,N,None,None,N,None,0,None,None,None,None,0,N,S000001057805,KOR,밑바닥부터 시작하는 딥러닝,9788968484636,0,None,None,None,62*********,62*********,[],0,0,0,0,0,N,N,N,N,,None,[],0,None
2400063,001,001,002,62005273479,ss***,2017-04-16 20:56:01.42,딥러닝 입문서로는 최고인거 같습니다.,002,001,집중돼요,4,N,N,None,None,N,None,0,None,None,None,None,0,N,S000001057805,KOR,밑바닥부터 시작하는 딥러닝,9788968484636,0,None,None,None,62*********,62*********,[],0,0,0,0,0,N,N,N,N,,None,[],0,None
2400015,001,001,002,32007340280,wj********,2017-04-14 15:09:06.443,정말 잘 읽고있습니다 ㅎ,002,005,추천해요,4,N,N,None,None,N,None,0,None,None,None,None,0,N,S000001057805,KOR,밑바닥부터 시작하는 딥러닝,9788968484636,0,None,None,None,32*********,32*********,[],0,0,0,0,0,N,N,N,N,,None,[],0,None
2400065,001,001,002,62005382744,tc*****,2017-04-06 14:17:16.63,기초부터 차근차근 접근하여 이해가 쉽게감!,002,002,도움돼요,4,N,N,None,None,N,None,0,None,None,None,None,0,N,S000001057805,KOR,밑바닥부터 시작하는 딥러닝,9788968484636,0,None,None,None,62*********,62*********,[],0,0,0,0,0,N,N,N,N,,None,[],0,None
2400071,001,001,002,62008023338,sk******,2017-03-28 01:01:08.83,입문용으로 괜찮습니다,002,005,추천해요,4,N,N,None,None,N,None,0,None,None,None,None,0,N,S000001057805,KOR,밑바닥부터 시작하는 딥러닝,9788968484636,0,None,None,None,62*********,62*********,[],0,0,0,0,0,N,N,N,N,,None,[],0,None
2400070,001,001,002,62007462727,oo*******,2017-03-17 17:04:00.79,좋습니다~!,002,002,도움돼요,4,N,N,None,None,N,None,0,None,None,None,None,0,N,S000001057805,KOR,밑바닥부터 시작하는 딥러닝,9788968484636,0,None,None,None,62*********,62*********,[],0,0,0,0,0,N,N,N,N,,None,[],0,None
2400005,001,001,002,12002080812,gi*****,2017-03-14 20:54:27.666,딥러닝 입문하기 좋은책,002,001,집중돼요,1,N,N,None,None,N,None,0,None,None,None,None,0,N,S000001057805,KOR,밑바닥부터 시작하는 딥러닝,9788968484636,0,None,None,None,12*********,12*********,[],0,0,0,0,0,N,N,N,N,,None,[],0,None
2400007,001,001,002,12002531087,me*******,2017-03-08 09:48:43.19,기본을 하나하나 설명해주는 아주 좋은 Deep Learing 지침서 같습니다. 두루뭉술한 내용이 아닌 깊이가 느껴지는 좋은 책입니다. 강추합니다.,002,003,쉬웠어요,4,N,N,None,None,N,None,0,None,None,None,None,0,N,S000001057805,KOR,밑바닥부터 시작하는 딥러닝,9788968484636,0,None,None,None,12*********,12*********,[],0,0,0,0,0,N,N,N,N,,None,[],0,None
2400091,001,001,002,62014302068,si*****,2017-03-06 20:29:22.223,간단하면서도 핵심이 정확해서 참 좋네요.,002,002,도움돼요,4,N,N,None,None,N,None,0,None,None,None,None,0,N,S000001057805,KOR,밑바닥부터 시작하는 딥러닝,9788968484636,0,None,None,None,62*********,62*********,[],0,0,0,0,0,N,N,N,N,,None,[],0,None
2400107,001,001,002,62017044880,hm****,2017-03-04 15:16:38.876,좋아요 ㅎㅎㅎㅎㅎㅎ,002,001,집중돼요,4,N,N,None,None,N,None,0,None,None,None,None,0,N,S000001057805,KOR,밑바닥부터 시작하는 딥러닝,9788968484636,0,None,None,None,62*********,62*********,[],0,0,0,0,0,N,N,N,N,,None,[],0,None
2399997,001,001,002,12000105446,ki*****,2017-02-20 16:59:12.45,"한번은 속독으로, 다른 한번은 정독하며 실습과 함께하고 있습니다.다른 책들보다 쉽게 설명하면서, 따라할 수 있어서 좋습니다.파이썬을 조금 접해보셨고, Sigmoid라거나, Deep learning에 관심 있다면, 추천 드립니다.",002,005,추천해요,1,N,N,None,None,N,None,0,None,None,None,None,0,N,S000001057805,KOR,밑바닥부터 시작하는 딥러닝,9788968484636,0,None,None,None,12*********,12*********,[],0,0,0,1,0,N,N,N,N,,None,[],0,None
2400032,001,001,002,52006099639,cl******,2017-02-16 09:16:46.11,"배송시키고 다음날 오후에 받았습니다. 수학공식과 그래프가 많아서 얼핏 복잡해보였는데, 어려운 개념을 최대한 알기 쉽게 써놓아서 잘 읽힙니다!딥러닝이 무엇인지 개념을 잡기에 좋은 책인 것 같습니다^^",002,005,추천해요,4,N,N,None,None,N,None,0,None,None,None,None,0,N,S000001057805,KOR,밑바닥부터 시작하는 딥러닝,9788968484636,0,None,None,None,52*********,52*********,[],0,0,0,0,0,N,N,N,N,,None,[],0,None
2400023,001,001,002,42004227221,ky****,2017-01-31 18:49:12.946,밑바닥부터 딥러닝을 배울 수 있는 입문서입니다.,002,001,집중돼요,4,N,N,None,None,N,None,0,None,None,None,None,0,N,S000001057805,KOR,밑바닥부터 시작하는 딥러닝,9788968484636,0,None,None,None,42*********,42*********,[],0,0,0,0,0,N,N,N,N,,None,[],0,None
2400139,001,001,002,72101064276,ne******,2017-01-24 12:40:14.293,책은 아직 오지 않았고 당일이나 내일 수령하기를 바라는 분들은 다른 당일배송 서점을 이용하세요. 당일 가능하다고 해서 결재했는데 다음날도 여전히 출고 준비중.. 이후 1:1 상담으로 받은 내용은 포장완료되어 2일내 수령가능하다라는 겁니다. 느긋한 분들만 여기로 구매하시길..,002,None,None,1,N,N,None,None,N,None,0,None,None,None,None,0,N,S000001057805,KOR,밑바닥부터 시작하는 딥러닝,9788968484636,0,None,None,None,72*********,72*********,[],0,0,0,0,0,N,N,N,N,,None,[],0,None
2400033,001,001,002,52007293827,pg*****,2017-01-18 11:17:02.933,"파이썬 입문서인줄 알고 잘못구매했습니다... 
파이썬을 통해 알아보는 인공지능 개발론 입니다.",002,None,None,2,N,N,None,None,N,None,0,None,None,None,None,0,N,S000001057805,KOR,밑바닥부터 시작하는 딥러닝,9788968484636,0,None,None,None,52*********,52*********,[],0,0,0,0,0,N,N,N,N,,None,[],0,None
2399992,001,001,002,11999065180,ma********,2017-01-04 11:34:22.656,필요해서 예약 구매 했습니다.,002,003,쉬웠어요,4,N,N,None,None,N,None,0,None,None,None,None,0,N,S000001057805,KOR,밑바닥부터 시작하는 딥러닝,9788968484636,0,None,None,None,11*********,11*********,[],0,0,0,0,0,N,N,N,N,,None,[],0,None
